SX,SY,AX,AY,D
404,200,360,336,1
404,204,360,336,1
404,208,360,336,1
404,212,360,336,1
404,216,360,336,1
404,220,360,336,1
404,224,360,336,1
404,228,360,336,1
404,232,360,336,1
404,236,360,336,1
404,240,360,336,1
404,244,360,336,1
404,248,360,336,1
404,252,360,336,1
404,256,360,336,1
404,260,360,336,1
404,264,360,336,1
404,268,360,336,1
404,272,360,336,1
404,276,360,336,1
404,280,360,336,1
404,284,360,336,1
404,288,360,336,1
404,292,360,336,1
404,296,360,336,1
404,300,360,336,1
404,304,360,336,1
404,308,360,336,1
404,312,360,336,1
404,316,360,336,1
404,320,360,336,1
404,324,360,336,1
404,328,360,336,1
404,332,360,336,1
404,336,360,336,2
400,336,360,336,2
396,336,360,336,2
392,336,360,336,2
388,336,360,336,2
384,336,360,336,2
380,336,360,336,2
376,336,360,336,2
372,336,368,128,0
372,332,368,128,0
372,328,368,128,0
372,324,368,128,0
372,320,368,128,0
372,316,368,128,0
372,312,368,128,0
372,308,368,128,0
372,304,368,128,0
372,300,368,128,0
372,296,368,128,0
372,292,368,128,0
372,288,368,128,0
372,284,368,128,0
372,280,368,128,0
372,276,368,128,0
372,272,368,128,0
372,268,368,128,0
372,264,368,128,0
372,260,368,128,0
372,256,368,128,0
372,252,368,128,0
372,248,368,128,0
372,244,368,128,0
372,240,368,128,0
372,236,368,128,0
372,232,368,128,0
372,228,368,128,0
372,224,368,128,0
372,220,368,128,0
372,216,368,128,0
372,212,368,128,0
372,208,368,128,0
372,204,368,128,0
372,200,368,128,0
372,196,368,128,0
372,192,368,128,0
372,188,368,128,0
372,184,368,128,0
372,180,368,128,0
372,176,368,128,0
372,172,368,128,0
372,168,368,128,0
372,164,368,128,0
372,160,368,128,0
372,156,368,128,0
372,152,368,128,0
372,148,368,128,0
372,144,368,128,0
372,140,264,320,1
372,144,264,320,1
372,148,264,320,1
372,152,264,320,1
372,156,264,320,1
372,160,264,320,1
372,164,264,320,1
372,168,264,320,1
372,172,264,320,1
372,176,264,320,1
372,180,264,320,1
372,184,264,320,1
372,188,264,320,1
372,192,264,320,1
372,196,264,320,1
372,200,264,320,1
372,204,264,320,1
372,208,264,320,1
372,212,264,320,1
372,216,264,320,1
372,220,264,320,1
372,224,264,320,1
372,228,264,320,1
372,232,264,320,1
372,236,264,320,1
372,240,264,320,1
372,244,264,320,1
372,248,264,320,1
372,252,264,320,1
372,256,264,320,1
372,260,264,320,1
372,264,264,320,1
372,268,264,320,1
372,272,264,320,1
372,276,264,320,1
372,280,264,320,1
372,284,264,320,1
372,288,264,320,1
372,292,264,320,1
372,296,264,320,1
372,300,264,320,1
372,304,264,320,1
372,308,264,320,1
372,312,264,320,1
372,316,264,320,1
372,320,264,320,2
368,320,264,320,2
364,320,264,320,2
360,320,264,320,2
356,320,264,320,2
352,320,264,320,2
348,320,264,320,2
344,320,264,320,2
340,320,264,320,2
336,320,264,320,2
332,320,264,320,2
328,320,264,320,2
324,320,264,320,2
320,320,264,320,2
316,320,264,320,2
312,320,264,320,2
308,320,264,320,2
304,320,264,320,2
300,320,264,320,2
296,320,264,320,2
292,320,264,320,2
288,320,264,320,2
284,320,264,320,2
280,320,264,320,2
276,320,160,168,0
276,316,160,168,0
276,312,160,168,0
276,308,160,168,0
276,304,160,168,0
276,300,160,168,0
276,296,160,168,0
276,292,160,168,0
276,288,160,168,0
276,284,160,168,0
276,280,160,168,0
276,276,160,168,0
276,272,160,168,0
276,268,160,168,0
276,264,160,168,0
276,260,160,168,0
276,256,160,168,0
276,252,160,168,0
276,248,160,168,0
276,244,160,168,0
276,240,160,168,0
276,236,160,168,0
276,232,160,168,0
276,228,160,168,0
276,224,160,168,0
276,220,160,168,0
276,216,160,168,0
276,212,160,168,0
276,208,160,168,0
276,204,160,168,0
276,200,160,168,0
276,196,160,168,0
276,192,160,168,0
276,188,160,168,0
276,184,160,168,0
276,180,160,168,0
276,176,160,168,0
276,172,160,168,0
276,168,160,168,2
272,168,160,168,2
268,168,160,168,2
264,168,160,168,2
260,168,160,168,2
256,168,160,168,2
252,168,160,168,2
248,168,160,168,2
244,168,160,168,2
240,168,160,168,2
236,168,160,168,2
232,168,160,168,2
228,168,160,168,2
224,168,160,168,2
220,168,160,168,2
216,168,160,168,2
212,168,160,168,2
208,168,160,168,2
204,168,160,168,2
200,168,160,168,2
196,168,160,168,2
192,168,160,168,2
188,168,160,168,2
184,168,160,168,2
180,168,160,168,2
176,168,160,168,2
172,168,688,200,1
172,172,688,200,1
172,176,688,200,1
172,180,688,200,1
172,184,688,200,1
172,188,688,200,1
172,192,688,200,1
172,196,688,200,1
172,200,688,200,3
176,200,688,200,3
180,200,688,200,3
184,200,688,200,3
188,200,688,200,3
192,200,688,200,3
196,200,688,200,3
200,200,688,200,3
204,200,688,200,3
208,200,688,200,3
212,200,688,200,3
216,200,688,200,3
220,200,688,200,3
224,200,688,200,3
228,200,688,200,3
232,200,688,200,3
236,200,688,200,3
240,200,688,200,3
244,200,688,200,3
248,200,688,200,3
252,200,688,200,3
256,200,688,200,3
260,200,688,200,3
264,200,688,200,3
268,200,688,200,3
272,200,688,200,3
276,200,688,200,3
280,200,688,200,3
284,200,688,200,3
288,200,688,200,3
292,200,688,200,3
296,200,688,200,3
300,200,688,200,3
304,200,688,200,3
308,200,688,200,3
312,200,688,200,3
316,200,688,200,3
320,200,688,200,3
324,200,688,200,3
328,200,688,200,3
332,200,688,200,3
336,200,688,200,3
340,200,688,200,3
344,200,688,200,3
348,200,688,200,3
352,200,688,200,3
356,200,688,200,3
360,200,688,200,3
364,200,688,200,3
368,200,688,200,3
372,200,688,200,3
376,200,688,200,3
380,200,688,200,3
384,200,688,200,3
388,200,688,200,3
392,200,688,200,3
396,200,688,200,3
400,200,688,200,3
404,200,688,200,3
408,200,688,200,3
412,200,688,200,3
416,200,688,200,3
420,200,688,200,3
424,200,688,200,3
428,200,688,200,3
432,200,688,200,3
436,200,688,200,3
440,200,688,200,3
444,200,688,200,3
448,200,688,200,3
452,200,688,200,3
456,200,688,200,3
460,200,688,200,3
464,200,688,200,3
468,200,688,200,3
472,200,688,200,3
476,200,688,200,3
480,200,688,200,3
484,200,688,200,3
488,200,688,200,3
492,200,688,200,3
496,200,688,200,3
500,200,688,200,3
504,200,688,200,3
508,200,688,200,3
512,200,688,200,3
516,200,688,200,3
520,200,688,200,3
524,200,688,200,3
528,200,688,200,3
532,200,688,200,3
536,200,688,200,3
540,200,688,200,3
544,200,688,200,3
548,200,688,200,3
552,200,688,200,3
556,200,688,200,3
560,200,688,200,3
564,200,688,200,3
568,200,688,200,3
572,200,688,200,3
576,200,688,200,3
580,200,688,200,3
584,200,688,200,3
588,200,688,200,3
592,200,688,200,3
596,200,688,200,3
600,200,688,200,3
604,200,688,200,3
608,200,688,200,3
612,200,688,200,3
616,200,688,200,3
620,200,688,200,3
624,200,688,200,3
628,200,688,200,3
632,200,688,200,3
636,200,688,200,3
640,200,688,200,3
644,200,688,200,3
648,200,688,200,3
652,200,688,200,3
656,200,688,200,3
660,200,688,200,3
664,200,688,200,3
668,200,688,200,3
672,200,688,200,3
676,200,280,208,1
676,204,280,208,1
676,208,280,208,2
672,208,280,208,2
668,208,280,208,2
664,208,280,208,2
660,208,280,208,2
656,208,280,208,2
652,208,280,208,2
648,208,280,208,2
644,208,280,208,2
640,208,280,208,2
636,208,280,208,2
632,208,280,208,2
628,208,280,208,2
624,208,280,208,2
620,208,280,208,2
616,208,280,208,2
612,208,280,208,2
608,208,280,208,2
604,208,280,208,2
600,208,280,208,2
596,208,280,208,2
592,208,280,208,2
588,208,280,208,2
584,208,280,208,2
580,208,280,208,2
576,208,280,208,2
572,208,280,208,2
568,208,280,208,2
564,208,280,208,2
560,208,280,208,2
556,208,280,208,2
552,208,280,208,2
548,208,280,208,2
544,208,280,208,2
540,208,280,208,2
536,208,280,208,2
532,208,280,208,2
528,208,280,208,2
524,208,280,208,2
520,208,280,208,2
516,208,280,208,2
512,208,280,208,2
508,208,280,208,2
504,208,280,208,2
500,208,280,208,2
496,208,280,208,2
492,208,280,208,2
488,208,280,208,2
484,208,280,208,2
480,208,280,208,2
476,208,280,208,2
472,208,280,208,2
468,208,280,208,2
464,208,280,208,2
460,208,280,208,2
456,208,280,208,2
452,208,280,208,2
448,208,280,208,2
444,208,280,208,2
440,208,280,208,2
436,208,280,208,2
432,208,280,208,2
428,208,280,208,2
424,208,280,208,2
420,208,280,208,2
416,208,280,208,2
412,208,280,208,2
408,208,280,208,2
404,208,280,208,2
400,208,280,208,2
396,208,280,208,2
392,208,280,208,2
388,208,280,208,2
384,208,280,208,2
380,208,280,208,2
376,208,280,208,2
372,208,280,208,2
368,208,280,208,2
364,208,280,208,2
360,208,280,208,2
356,208,280,208,2
352,208,280,208,2
348,208,280,208,2
344,208,280,208,2
340,208,280,208,2
336,208,280,208,2
332,208,280,208,2
328,208,280,208,2
324,208,280,208,2
320,208,280,208,2
316,208,280,208,2
312,208,280,208,2
308,208,280,208,2
304,208,280,208,2
300,208,280,208,2
296,208,280,208,2
292,208,208,176,0
292,204,208,176,0
292,200,208,176,0
292,196,208,176,0
292,192,208,176,0
292,188,208,176,0
292,184,208,176,0
292,180,208,176,0
292,176,208,176,2
288,176,208,176,2
284,176,208,176,2
280,176,208,176,2
276,176,208,176,2
272,176,208,176,2
268,176,208,176,2
264,176,208,176,2
260,176,208,176,2
256,176,208,176,2
252,176,208,176,2
248,176,208,176,2
244,176,208,176,2
240,176,208,176,2
236,176,208,176,2
232,176,208,176,2
228,176,208,176,2
224,176,208,176,2
220,176,64,96,0
220,172,64,96,0
220,168,64,96,0
220,164,64,96,0
220,160,64,96,0
220,156,64,96,0
220,152,64,96,0
220,148,64,96,0
220,144,64,96,0
220,140,64,96,0
220,136,64,96,0
220,132,64,96,0
220,128,64,96,0
220,124,64,96,0
220,120,64,96,0
220,116,64,96,0
220,112,64,96,0
220,108,64,96,0
220,104,64,96,0
220,100,64,96,0
220,96,64,96,2
216,96,64,96,2
212,96,64,96,2
208,96,64,96,2
204,96,64,96,2
200,96,64,96,2
196,96,64,96,2
192,96,64,96,2
188,96,64,96,2
184,96,64,96,2
180,96,64,96,2
176,96,64,96,2
172,96,64,96,2
168,96,64,96,2
164,96,64,96,2
160,96,64,96,2
156,96,64,96,2
152,96,64,96,2
148,96,64,96,2
144,96,64,96,2
140,96,64,96,2
136,96,64,96,2
132,96,64,96,2
128,96,64,96,2
124,96,64,96,2
120,96,64,96,2
116,96,64,96,2
112,96,64,96,2
108,96,64,96,2
104,96,64,96,2
100,96,64,96,2
96,96,64,96,2
92,96,64,96,2
88,96,64,96,2
84,96,64,96,2
80,96,64,96,2
76,96,320,176,1
76,100,320,176,1
76,104,320,176,1
76,108,320,176,1
76,112,320,176,1
76,116,320,176,1
76,120,320,176,1
76,124,320,176,1
76,128,320,176,1
76,132,320,176,1
76,136,320,176,1
76,140,320,176,1
76,144,320,176,1
76,148,320,176,1
76,152,320,176,1
76,156,320,176,1
76,160,320,176,1
76,164,320,176,1
76,168,320,176,1
76,172,320,176,1
76,176,320,176,3
80,176,320,176,3
84,176,320,176,3
88,176,320,176,3
92,176,320,176,3
96,176,320,176,3
100,176,320,176,3
104,176,320,176,3
108,176,320,176,3
112,176,320,176,3
116,176,320,176,3
120,176,320,176,3
124,176,320,176,3
128,176,320,176,3
132,176,320,176,3
136,176,320,176,3
140,176,320,176,3
144,176,320,176,3
148,176,320,176,3
152,176,320,176,3
156,176,320,176,3
160,176,320,176,3
164,176,320,176,3
168,176,320,176,3
172,176,320,176,3
176,176,320,176,3
180,176,320,176,3
184,176,320,176,3
188,176,320,176,3
192,176,320,176,3
196,176,320,176,3
200,176,320,176,3
204,176,320,176,3
208,176,320,176,3
212,176,320,176,3
216,176,320,176,3
220,176,320,176,3
224,176,320,176,3
228,176,320,176,3
232,176,320,176,3
236,176,320,176,3
240,176,320,176,3
244,176,320,176,3
248,176,320,176,3
252,176,320,176,3
256,176,320,176,3
260,176,320,176,3
264,176,320,176,3
268,176,320,176,3
272,176,320,176,3
276,176,320,176,3
280,176,320,176,3
284,176,320,176,3
288,176,320,176,3
292,176,320,176,3
296,176,320,176,3
300,176,320,176,3
304,176,320,176,3
308,176,456,264,1
308,180,456,264,1
308,184,456,264,1
308,188,456,264,1
308,192,456,264,1
308,196,456,264,1
308,200,456,264,1
308,204,456,264,1
308,208,456,264,1
308,212,456,264,1
308,216,456,264,1
308,220,456,264,1
308,224,456,264,1
308,228,456,264,1
308,232,456,264,1
308,236,456,264,1
308,240,456,264,1
308,244,456,264,1
308,248,456,264,1
308,252,456,264,1
308,256,456,264,1
308,260,456,264,1
308,264,456,264,3
312,264,456,264,3
316,264,456,264,3
320,264,456,264,3
324,264,456,264,3
328,264,456,264,3
332,264,456,264,3
336,264,456,264,3
340,264,456,264,3
344,264,456,264,3
348,264,456,264,3
352,264,456,264,3
356,264,456,264,3
360,264,456,264,3
364,264,456,264,3
368,264,456,264,3
372,264,456,264,3
376,264,456,264,3
380,264,456,264,3
384,264,456,264,3
388,264,456,264,3
392,264,456,264,3
396,264,456,264,3
400,264,456,264,3
404,264,456,264,3
408,264,456,264,3
412,264,456,264,3
416,264,456,264,3
420,264,456,264,3
424,264,456,264,3
428,264,456,264,3
432,264,456,264,3
436,264,456,264,3
440,264,456,264,3
444,264,344,280,1
444,268,344,280,1
444,272,344,280,1
444,276,344,280,1
444,280,344,280,2
440,280,344,280,2
436,280,344,280,2
432,280,344,280,2
428,280,344,280,2
424,280,344,280,2
420,280,344,280,2
416,280,344,280,2
412,280,344,280,2
408,280,344,280,2
404,280,344,280,2
400,280,344,280,2
396,280,344,280,2
392,280,344,280,2
388,280,344,280,2
384,280,344,280,2
380,280,344,280,2
376,280,344,280,2
372,280,344,280,2
368,280,344,280,2
364,280,344,280,2
360,280,344,280,2
356,280,528,168,0
356,276,528,168,0
356,272,528,168,0
356,268,528,168,0
356,264,528,168,0
356,260,528,168,0
356,256,528,168,0
356,252,528,168,0
356,248,528,168,0
356,244,528,168,0
356,240,528,168,0
356,236,528,168,0
356,232,528,168,0
356,228,528,168,0
356,224,528,168,0
356,220,528,168,0
356,216,528,168,0
356,212,528,168,0
356,208,528,168,0
356,204,528,168,0
356,200,528,168,0
356,196,528,168,0
356,192,528,168,0
356,188,528,168,0
356,184,528,168,0
356,180,528,168,0
356,176,528,168,0
356,172,528,168,0
356,168,528,168,3
360,168,528,168,3
364,168,528,168,3
368,168,528,168,3
372,168,528,168,3
376,168,528,168,3
380,168,528,168,3
384,168,528,168,3
388,168,528,168,3
392,168,528,168,3
396,168,528,168,3
400,168,528,168,3
404,168,528,168,3
408,168,528,168,3
412,168,528,168,3
416,168,528,168,3
420,168,528,168,3
424,168,528,168,3
428,168,528,168,3
432,168,528,168,3
436,168,528,168,3
440,168,528,168,3
444,168,528,168,3
448,168,528,168,3
452,168,528,168,3
456,168,528,168,3
460,168,528,168,3
464,168,528,168,3
468,168,528,168,3
472,168,528,168,3
476,168,528,168,3
480,168,528,168,3
484,168,528,168,3
488,168,528,168,3
492,168,528,168,3
496,168,528,168,3
500,168,528,168,3
504,168,528,168,3
508,168,528,168,3
512,168,528,168,3
516,168,712,112,0
516,164,712,112,0
516,160,712,112,0
516,156,712,112,0
516,152,712,112,0
516,148,712,112,0
516,144,712,112,0
516,140,712,112,0
516,136,712,112,0
516,132,712,112,0
516,128,712,112,0
516,124,712,112,0
516,120,712,112,0
516,116,712,112,0
516,112,712,112,3
520,112,712,112,3
524,112,712,112,3
528,112,712,112,3
532,112,712,112,3
536,112,712,112,3
540,112,712,112,3
544,112,712,112,3
548,112,712,112,3
552,112,712,112,3
556,112,712,112,3
560,112,712,112,3
564,112,712,112,3
568,112,712,112,3
572,112,712,112,3
576,112,712,112,3
580,112,712,112,3
584,112,712,112,3
588,112,712,112,3
592,112,712,112,3
596,112,712,112,3
600,112,712,112,3
604,112,712,112,3
608,112,712,112,3
612,112,712,112,3
616,112,712,112,3
620,112,712,112,3
624,112,712,112,3
628,112,712,112,3
632,112,712,112,3
636,112,712,112,3
640,112,712,112,3
644,112,712,112,3
648,112,712,112,3
652,112,712,112,3
656,112,712,112,3
660,112,712,112,3
664,112,712,112,3
668,112,712,112,3
672,112,712,112,3
676,112,712,112,3
680,112,712,112,3
684,112,712,112,3
688,112,712,112,3
692,112,712,112,3
696,112,712,112,3
700,112,272,48,0
700,108,272,48,0
700,104,272,48,0
700,100,272,48,0
700,96,272,48,0
700,92,272,48,0
700,88,272,48,0
700,84,272,48,0
700,80,272,48,0
700,76,272,48,0
700,72,272,48,0
700,68,272,48,0
700,64,272,48,0
700,60,272,48,0
700,56,272,48,0
700,52,272,48,0
700,48,272,48,2
696,48,272,48,2
692,48,272,48,2
688,48,272,48,2
684,48,272,48,2
680,48,272,48,2
676,48,272,48,2
672,48,272,48,2
668,48,272,48,2
664,48,272,48,2
660,48,272,48,2
656,48,272,48,2
652,48,272,48,2
648,48,272,48,2
644,48,272,48,2
640,48,272,48,2
636,48,272,48,2
632,48,272,48,2
628,48,272,48,2
624,48,272,48,2
620,48,272,48,2
616,48,272,48,2
612,48,272,48,2
608,48,272,48,2
604,48,272,48,2
600,48,272,48,2
596,48,272,48,2
592,48,272,48,2
588,48,272,48,2
584,48,272,48,2
580,48,272,48,2
576,48,272,48,2
572,48,272,48,2
568,48,272,48,2
564,48,272,48,2
560,48,272,48,2
556,48,272,48,2
552,48,272,48,2
548,48,272,48,2
544,48,272,48,2
540,48,272,48,2
536,48,272,48,2
532,48,272,48,2
528,48,272,48,2
524,48,272,48,2
520,48,272,48,2
516,48,272,48,2
512,48,272,48,2
508,48,272,48,2
504,48,272,48,2
500,48,272,48,2
496,48,272,48,2
492,48,272,48,2
488,48,272,48,2
484,48,272,48,2
480,48,272,48,2
476,48,272,48,2
472,48,272,48,2
468,48,272,48,2
464,48,272,48,2
460,48,272,48,2
456,48,272,48,2
452,48,272,48,2
448,48,272,48,2
444,48,272,48,2
440,48,272,48,2
436,48,272,48,2
432,48,272,48,2
428,48,272,48,2
424,48,272,48,2
420,48,272,48,2
416,48,272,48,2
412,48,272,48,2
408,48,272,48,2
404,48,272,48,2
400,48,272,48,2
396,48,272,48,2
392,48,272,48,2
388,48,272,48,2
384,48,272,48,2
380,48,272,48,2
376,48,272,48,2
372,48,272,48,2
368,48,272,48,2
364,48,272,48,2
360,48,272,48,2
356,48,272,48,2
352,48,272,48,2
348,48,272,48,2
344,48,272,48,2
340,48,272,48,2
336,48,272,48,2
332,48,272,48,2
328,48,272,48,2
324,48,272,48,2
320,48,272,48,2
316,48,272,48,2
312,48,272,48,2
308,48,272,48,2
304,48,272,48,2
300,48,272,48,2
296,48,272,48,2
292,48,272,48,2
288,48,272,48,2
284,48,728,88,1
284,52,728,88,1
284,56,728,88,1
284,60,728,88,1
284,64,728,88,1
284,68,728,88,1
284,72,728,88,1
284,76,728,88,1
284,80,728,88,1
284,84,728,88,1
284,88,728,88,3
288,88,728,88,3
292,88,728,88,3
296,88,728,88,3
300,88,728,88,3
304,88,728,88,3
308,88,728,88,3
312,88,728,88,3
316,88,728,88,3
320,88,728,88,3
324,88,728,88,3
328,88,728,88,3
332,88,728,88,3
336,88,728,88,3
340,88,728,88,3
344,88,728,88,3
348,88,728,88,3
352,88,728,88,3
356,88,728,88,3
360,88,728,88,3
364,88,728,88,3
368,88,728,88,3
372,88,728,88,3
376,88,728,88,3
380,88,728,88,3
384,88,728,88,3
388,88,728,88,3
392,88,728,88,3
396,88,728,88,3
400,88,728,88,3
404,88,728,88,3
408,88,728,88,3
412,88,728,88,3
416,88,728,88,3
420,88,728,88,3
424,88,728,88,3
428,88,728,88,3
432,88,728,88,3
436,88,728,88,3
440,88,728,88,3
444,88,728,88,3
448,88,728,88,3
452,88,728,88,3
456,88,728,88,3
460,88,728,88,3
464,88,728,88,3
468,88,728,88,3
472,88,728,88,3
476,88,728,88,3
480,88,728,88,3
484,88,728,88,3
488,88,728,88,3
492,88,728,88,3
496,88,728,88,3
500,88,728,88,3
504,88,728,88,3
508,88,728,88,3
512,88,728,88,3
516,88,728,88,3
520,88,728,88,3
524,88,728,88,3
528,88,728,88,3
532,88,728,88,3
536,88,728,88,3
540,88,728,88,3
544,88,728,88,3
548,88,728,88,3
552,88,728,88,3
556,88,728,88,3
560,88,728,88,3
564,88,728,88,3
568,88,728,88,3
572,88,728,88,3
576,88,728,88,3
580,88,728,88,3
584,88,728,88,3
588,88,728,88,3
592,88,728,88,3
596,88,728,88,3
600,88,728,88,3
604,88,728,88,3
608,88,728,88,3
612,88,728,88,3
616,88,728,88,3
620,88,728,88,3
624,88,728,88,3
628,88,728,88,3
632,88,728,88,3
636,88,728,88,3
640,88,728,88,3
644,88,728,88,3
648,88,728,88,3
652,88,728,88,3
656,88,728,88,3
660,88,728,88,3
664,88,728,88,3
668,88,728,88,3
672,88,728,88,3
676,88,728,88,3
680,88,728,88,3
684,88,728,88,3
688,88,728,88,3
692,88,728,88,3
696,88,728,88,3
700,88,728,88,3
704,88,728,88,3
708,88,728,88,3
712,88,728,88,3
716,88,552,176,1
716,92,552,176,1
716,96,552,176,1
716,100,552,176,1
716,104,552,176,1
716,108,552,176,1
716,112,552,176,1
716,116,552,176,1
716,120,552,176,1
716,124,552,176,1
716,128,552,176,1
716,132,552,176,1
716,136,552,176,1
716,140,552,176,1
716,144,552,176,1
716,148,552,176,1
716,152,552,176,1
716,156,552,176,1
716,160,552,176,1
716,164,552,176,1
716,168,552,176,1
716,172,552,176,1
716,176,552,176,2
712,176,552,176,2
708,176,552,176,2
704,176,552,176,2
700,176,552,176,2
696,176,552,176,2
692,176,552,176,2
688,176,552,176,2
684,176,552,176,2
680,176,552,176,2
676,176,552,176,2
672,176,552,176,2
668,176,552,176,2
664,176,552,176,2
660,176,552,176,2
656,176,552,176,2
652,176,552,176,2
648,176,552,176,2
644,176,552,176,2
640,176,552,176,2
636,176,552,176,2
632,176,552,176,2
628,176,552,176,2
624,176,552,176,2
620,176,552,176,2
616,176,552,176,2
612,176,552,176,2
608,176,552,176,2
604,176,552,176,2
600,176,552,176,2
596,176,552,176,2
592,176,552,176,2
588,176,552,176,2
584,176,552,176,2
580,176,552,176,2
576,176,552,176,2
572,176,552,176,2
568,176,552,176,2
564,176,736,232,1
564,180,736,232,1
564,184,736,232,1
564,188,736,232,1
564,192,736,232,1
564,196,736,232,1
564,200,736,232,1
564,204,736,232,1
564,208,736,232,1
564,212,736,232,1
564,216,736,232,1
564,220,736,232,1
564,224,736,232,1
564,228,736,232,1
564,232,736,232,3
568,232,736,232,3
572,232,736,232,3
576,232,736,232,3
580,232,736,232,3
584,232,736,232,3
588,232,736,232,3
592,232,736,232,3
596,232,736,232,3
600,232,736,232,3
604,232,736,232,3
608,232,736,232,3
612,232,736,232,3
616,232,736,232,3
620,232,736,232,3
624,232,736,232,3
628,232,736,232,3
632,232,736,232,3
636,232,736,232,3
640,232,736,232,3
644,232,736,232,3
648,232,736,232,3
652,232,736,232,3
656,232,736,232,3
660,232,736,232,3
664,232,736,232,3
668,232,736,232,3
672,232,736,232,3
676,232,736,232,3
680,232,736,232,3
684,232,736,232,3
688,232,736,232,3
692,232,736,232,3
696,232,736,232,3
700,232,736,232,3
704,232,736,232,3
708,232,736,232,3
712,232,736,232,3
716,232,736,232,3
720,232,736,232,3
724,232,632,80,0
724,228,632,80,0
724,224,632,80,0
724,220,632,80,0
724,216,632,80,0
724,212,632,80,0
724,208,632,80,0
724,204,632,80,0
724,200,632,80,0
724,196,632,80,0
724,192,632,80,0
724,188,632,80,0
724,184,632,80,0
724,180,632,80,0
724,176,632,80,0
724,172,632,80,0
724,168,632,80,0
724,164,632,80,0
724,160,632,80,0
724,156,632,80,0
724,152,632,80,0
724,148,632,80,0
724,144,632,80,0
724,140,632,80,0
724,136,632,80,0
724,132,632,80,0
724,128,632,80,0
724,124,632,80,0
724,120,632,80,0
724,116,632,80,0
724,112,632,80,0
724,108,632,80,0
724,104,632,80,0
724,100,632,80,0
724,96,632,80,0
724,92,632,80,0
724,88,632,80,0
724,84,632,80,0
724,80,632,80,2
720,80,632,80,2
716,80,632,80,2
712,80,632,80,2
708,80,632,80,2
704,80,632,80,2
700,80,632,80,2
696,80,632,80,2
692,80,632,80,2
688,80,632,80,2
684,80,632,80,2
680,80,632,80,2
676,80,632,80,2
672,80,632,80,2
668,80,632,80,2
664,80,632,80,2
660,80,632,80,2
656,80,632,80,2
652,80,632,80,2
648,80,632,80,2
644,80,240,296,1
644,84,240,296,1
644,88,240,296,1
644,92,240,296,1
644,96,240,296,1
644,100,240,296,1
644,104,240,296,1
644,108,240,296,1
644,112,240,296,1
644,116,240,296,1
644,120,240,296,1
644,124,240,296,1
644,128,240,296,1
644,132,240,296,1
644,136,240,296,1
644,140,240,296,1
644,144,240,296,1
644,148,240,296,1
644,152,240,296,1
644,156,240,296,1
644,160,240,296,1
644,164,240,296,1
644,168,240,296,1
644,172,240,296,1
644,176,240,296,1
644,180,240,296,1
644,184,240,296,1
644,188,240,296,1
644,192,240,296,1
644,196,240,296,1
644,200,240,296,1
644,204,240,296,1
644,208,240,296,1
644,212,240,296,1
644,216,240,296,1
644,220,240,296,1
644,224,240,296,1
644,228,240,296,1
644,232,240,296,1
644,236,240,296,1
644,240,240,296,1
644,244,240,296,1
644,248,240,296,1
644,252,240,296,1
644,256,240,296,1
644,260,240,296,1
644,264,240,296,1
644,268,240,296,1
644,272,240,296,1
644,276,240,296,1
644,280,240,296,1
644,284,240,296,1
644,288,240,296,1
644,292,240,296,1
644,296,240,296,2
640,296,240,296,2
636,296,240,296,2
632,296,240,296,2
628,296,240,296,2
624,296,240,296,2
620,296,240,296,2
616,296,240,296,2
612,296,240,296,2
608,296,240,296,2
604,296,240,296,2
600,296,240,296,2
596,296,240,296,2
592,296,240,296,2
588,296,240,296,2
584,296,240,296,2
580,296,240,296,2
576,296,240,296,2
572,296,240,296,2
568,296,240,296,2
564,296,240,296,2
560,296,240,296,2
556,296,240,296,2
552,296,240,296,2
548,296,240,296,2
544,296,240,296,2
540,296,240,296,2
536,296,240,296,2
532,296,240,296,2
528,296,240,296,2
524,296,240,296,2
520,296,240,296,2
516,296,240,296,2
512,296,240,296,2
508,296,240,296,2
504,296,240,296,2
500,296,240,296,2
496,296,240,296,2
492,296,240,296,2
488,296,240,296,2
484,296,240,296,2
480,296,240,296,2
476,296,240,296,2
472,296,240,296,2
468,296,240,296,2
464,296,240,296,2
460,296,240,296,2
456,296,240,296,2
452,296,240,296,2
448,296,240,296,2
444,296,240,296,2
440,296,240,296,2
436,296,240,296,2
432,296,240,296,2
428,296,240,296,2
424,296,240,296,2
420,296,240,296,2
416,296,240,296,2
412,296,240,296,2
408,296,240,296,2
404,296,240,296,2
400,296,240,296,2
396,296,240,296,2
392,296,240,296,2
388,296,240,296,2
384,296,240,296,2
380,296,240,296,2
376,296,240,296,2
372,296,240,296,2
368,296,240,296,2
364,296,240,296,2
360,296,240,296,2
356,296,240,296,2
352,296,240,296,2
348,296,240,296,2
344,296,240,296,2
340,296,240,296,2
336,296,240,296,2
332,296,240,296,2
328,296,240,296,2
324,296,240,296,2
320,296,240,296,2
316,296,240,296,2
312,296,240,296,2
308,296,240,296,2
304,296,240,296,2
300,296,240,296,2
296,296,240,296,2
292,296,240,296,2
288,296,240,296,2
284,296,240,296,2
280,296,240,296,2
276,296,240,296,2
272,296,240,296,2
268,296,240,296,2
264,296,240,296,2
260,296,240,296,2
256,296,240,296,2
252,296,192,296,2
248,296,192,296,2
244,296,192,296,2
240,296,192,296,2
236,296,192,296,2
232,296,192,296,2
228,296,192,296,2
224,296,192,296,2
220,296,192,296,2
216,296,192,296,2
212,296,192,296,2
208,296,192,296,2
204,296,104,144,0
204,292,104,144,0
204,288,104,144,0
204,284,104,144,0
204,280,104,144,0
204,276,104,144,0
204,272,104,144,0
204,268,104,144,0
204,264,104,144,0
204,260,104,144,0
204,256,104,144,0
204,252,104,144,0
204,248,104,144,0
204,244,104,144,0
204,240,104,144,0
204,236,104,144,0
204,232,104,144,0
204,228,104,144,0
204,224,104,144,0
204,220,104,144,0
204,216,104,144,0
204,212,104,144,0
204,208,104,144,0
204,204,104,144,0
204,200,104,144,0
204,196,104,144,0
204,192,104,144,0
204,188,104,144,0
204,184,104,144,0
204,180,104,144,0
204,176,104,144,0
204,172,104,144,0
204,168,104,144,0
204,164,104,144,0
204,160,104,144,0
204,156,104,144,0
204,152,104,144,0
204,148,104,144,0
204,144,104,144,2
200,144,104,144,2
196,144,104,144,2
192,144,104,144,2
188,144,104,144,2
184,144,104,144,2
180,144,104,144,2
176,144,104,144,2
172,144,104,144,2
168,144,104,144,2
164,144,104,144,2
160,144,104,144,2
156,144,104,144,2
152,144,104,144,2
148,144,104,144,2
144,144,104,144,2
140,144,104,144,2
136,144,104,144,2
132,144,104,144,2
128,144,104,144,2
124,144,104,144,2
120,144,104,144,2
116,144,560,320,1
116,148,560,320,1
116,152,560,320,1
116,156,560,320,1
116,160,560,320,1
116,164,560,320,1
116,168,560,320,1
116,172,560,320,1
116,176,560,320,1
116,180,560,320,1
116,184,560,320,1
116,188,560,320,1
116,192,560,320,1
116,196,560,320,1
116,200,560,320,1
116,204,560,320,1
116,208,560,320,1
116,212,560,320,1
116,216,560,320,1
116,220,560,320,1
116,224,560,320,1
116,228,560,320,1
116,232,560,320,1
116,236,560,320,1
116,240,560,320,1
116,244,560,320,1
116,248,560,320,1
116,252,560,320,1
116,256,560,320,1
116,260,560,320,1
116,264,560,320,1
116,268,560,320,1
116,272,560,320,1
116,276,560,320,1
116,280,560,320,1
116,284,560,320,1
116,288,560,320,1
116,292,560,320,1
116,296,560,320,1
116,300,560,320,1
116,304,560,320,1
116,308,560,320,1
116,312,560,320,1
116,316,560,320,1
116,320,560,320,3
120,320,560,320,3
124,320,560,320,3
128,320,560,320,3
132,320,560,320,3
136,320,560,320,3
140,320,560,320,3
144,320,560,320,3
148,320,560,320,3
152,320,560,320,3
156,320,560,320,3
160,320,560,320,3
164,320,560,320,3
168,320,560,320,3
172,320,560,320,3
176,320,560,320,3
180,320,560,320,3
184,320,560,320,3
188,320,560,320,3
192,320,560,320,3
196,320,560,320,3
200,320,560,320,3
204,320,560,320,3
208,320,560,320,3
212,320,560,320,3
216,320,560,320,3
220,320,560,320,3
224,320,560,320,3
228,320,560,320,3
232,320,560,320,3
236,320,560,320,3
240,320,560,320,3
244,320,560,320,3
248,320,560,320,3
252,320,560,320,3
256,320,560,320,3
260,320,560,320,3
264,320,560,320,3
268,320,560,320,3
272,320,560,320,3
276,320,560,320,3
280,320,560,320,3
284,320,560,320,3
288,320,560,320,3
292,320,560,320,3
296,320,560,320,3
300,320,560,320,3
304,320,560,320,3
308,320,560,320,3
312,320,560,320,3
316,320,560,320,3
320,320,560,320,3
324,320,560,320,3
328,320,560,320,3
332,320,560,320,3
336,320,560,320,3
340,320,560,320,3
344,320,560,320,3
348,320,560,320,3
352,320,560,320,3
356,320,560,320,3
360,320,560,320,3
364,320,560,320,3
368,320,560,320,3
372,320,560,320,3
376,320,560,320,3
380,320,560,320,3
384,320,560,320,3
388,320,560,320,3
392,320,560,320,3
396,320,560,320,3
400,320,560,320,3
404,320,560,320,3
408,320,560,320,3
412,320,560,320,3
416,320,560,320,3
420,320,560,320,3
424,320,560,320,3
428,320,560,320,3
432,320,560,320,3
436,320,560,320,3
440,320,560,320,3
444,320,560,320,3
448,320,560,320,3
452,320,560,320,3
456,320,560,320,3
460,320,560,320,3
464,320,560,320,3
468,320,560,320,3
472,320,560,320,3
476,320,560,320,3
480,320,560,320,3
484,320,560,320,3
488,320,560,320,3
492,320,560,320,3
496,320,560,320,3
500,320,560,320,3
504,320,560,320,3
508,320,560,320,3
512,320,560,320,3
516,320,560,320,3
520,320,560,320,3
524,320,560,320,3
528,320,560,320,3
532,320,560,320,3
536,320,560,320,3
540,320,560,320,3
544,320,560,320,3
548,320,592,344,1
548,324,592,344,1
548,328,592,344,1
548,332,592,344,1
548,336,592,344,1
548,340,592,344,1
548,344,592,344,3
552,344,592,344,3
556,344,592,344,3
560,344,592,344,3
564,344,592,344,3
568,344,592,344,3
572,344,592,344,3
576,344,592,344,3
580,344,512,96,0
580,340,512,96,0
580,336,512,96,0
580,332,512,96,0
580,328,512,96,0
580,324,512,96,0
580,320,512,96,0
580,316,512,96,0
580,312,512,96,0
580,308,512,96,0
580,304,512,96,0
580,300,512,96,0
580,296,512,96,0
580,292,512,96,0
580,288,512,96,0
580,284,512,96,0
580,280,512,96,0
580,276,512,96,0
580,272,512,96,0
580,268,512,96,0
580,264,512,96,0
580,260,512,96,0
580,256,512,96,0
580,252,512,96,0
580,248,512,96,0
580,244,512,96,0
580,240,512,96,0
580,236,512,96,0
580,232,512,96,0
580,228,512,96,0
580,224,512,96,0
580,220,512,96,0
580,216,512,96,0
580,212,512,96,0
580,208,512,96,0
580,204,512,96,0
580,200,512,96,0
580,196,512,96,0
580,192,512,96,0
580,188,512,96,0
580,184,512,96,0
580,180,512,96,0
580,176,512,96,0
580,172,512,96,0
580,168,512,96,0
580,164,512,96,0
580,160,512,96,0
580,156,512,96,0
580,152,512,96,0
580,148,512,96,0
580,144,512,96,0
580,140,512,96,0
580,136,512,96,0
580,132,512,96,0
580,128,512,96,0
580,124,512,96,0
580,120,512,96,0
580,116,512,96,0
580,112,512,96,0
580,108,512,96,0
580,104,512,96,0
580,100,512,96,0
580,96,512,96,2
576,96,512,96,2
572,96,512,96,2
568,96,512,96,2
564,96,512,96,2
560,96,512,96,2
556,96,512,96,2
552,96,512,96,2
548,96,512,96,2
544,96,512,96,2
540,96,512,96,2
536,96,512,96,2
532,96,512,96,2
528,96,512,96,2
524,96,56,240,1
524,100,56,240,1
524,104,56,240,1
524,108,56,240,1
524,112,56,240,1
524,116,56,240,1
524,120,56,240,1
524,124,56,240,1
524,128,56,240,1
524,132,56,240,1
524,136,56,240,1
524,140,56,240,1
524,144,56,240,1
524,148,56,240,1
524,152,56,240,1
524,156,56,240,1
524,160,56,240,1
524,164,56,240,1
524,168,56,240,1
524,172,56,240,1
524,176,56,240,1
524,180,56,240,1
524,184,56,240,1
524,188,56,240,1
524,192,56,240,1
524,196,56,240,1
524,200,56,240,1
524,204,56,240,1
524,208,56,240,1
524,212,56,240,1
524,216,56,240,1
524,220,56,240,1
524,224,56,240,1
524,228,56,240,1
524,232,56,240,1
524,236,56,240,1
524,240,56,240,2
520,240,56,240,2
516,240,56,240,2
512,240,56,240,2
508,240,56,240,2
504,240,56,240,2
500,240,56,240,2
496,240,56,240,2
492,240,56,240,2
488,240,56,240,2
484,240,56,240,2
480,240,56,240,2
476,240,56,240,2
472,240,56,240,2
468,240,56,240,2
464,240,56,240,2
460,240,56,240,2
456,240,56,240,2
452,240,56,240,2
448,240,56,240,2
444,240,56,240,2
440,240,56,240,2
436,240,56,240,2
432,240,56,240,2
428,240,56,240,2
424,240,56,240,2
420,240,56,240,2
416,240,56,240,2
412,240,56,240,2
408,240,56,240,2
404,240,56,240,2
400,240,56,240,2
396,240,56,240,2
392,240,56,240,2
388,240,56,240,2
384,240,56,240,2
380,240,56,240,2
376,240,56,240,2
372,240,56,240,2
368,240,56,240,2
364,240,56,240,2
360,240,56,240,2
356,240,56,240,2
352,240,56,240,2
348,240,56,240,2
344,240,56,240,2
340,240,56,240,2
336,240,56,240,2
332,240,56,240,2
328,240,56,240,2
324,240,56,240,2
320,240,56,240,2
316,240,56,240,2
312,240,56,240,2
308,240,56,240,2
304,240,56,240,2
300,240,56,240,2
296,240,56,240,2
292,240,56,240,2
288,240,56,240,2
284,240,56,240,2
280,240,56,240,2
276,240,56,240,2
272,240,56,240,2
268,240,56,240,2
264,240,56,240,2
260,240,56,240,2
256,240,56,240,2
252,240,56,240,2
248,240,56,240,2
244,240,56,240,2
240,240,56,240,2
236,240,56,240,2
232,240,56,240,2
228,240,56,240,2
224,240,56,240,2
220,240,56,240,2
216,240,56,240,2
212,240,56,240,2
208,240,56,240,2
204,240,56,240,2
200,240,56,240,2
196,240,56,240,2
192,240,56,240,2
188,240,56,240,2
184,240,56,240,2
180,240,56,240,2
176,240,56,240,2
172,240,56,240,2
168,240,56,240,2
164,240,56,240,2
160,240,56,240,2
156,240,56,240,2
152,240,56,240,2
148,240,56,240,2
144,240,56,240,2
140,240,56,240,2
136,240,56,240,2
132,240,56,240,2
128,240,56,240,2
124,240,56,240,2
120,240,56,240,2
116,240,56,240,2
112,240,56,240,2
108,240,56,240,2
104,240,56,240,2
100,240,56,240,2
96,240,56,240,2
92,240,56,240,2
88,240,56,240,2
84,240,56,240,2
80,240,56,240,2
76,240,56,240,2
72,240,56,240,2
68,240,528,304,1
68,244,528,304,1
68,248,528,304,1
68,252,528,304,1
68,256,528,304,1
68,260,528,304,1
68,264,528,304,1
68,268,528,304,1
68,272,528,304,1
68,276,528,304,1
68,280,528,304,1
68,284,528,304,1
68,288,528,304,1
68,292,528,304,1
68,296,528,304,1
68,300,528,304,1
68,304,528,304,3
72,304,528,304,3
76,304,528,304,3
80,304,528,304,3
84,304,528,304,3
88,304,528,304,3
92,304,528,304,3
96,304,528,304,3
100,304,528,304,3
104,304,528,304,3
108,304,528,304,3
112,304,528,304,3
116,304,528,304,3
120,304,528,304,3
124,304,528,304,3
128,304,528,304,3
132,304,528,304,3
136,304,528,304,3
140,304,528,304,3
144,304,528,304,3
148,304,528,304,3
152,304,528,304,3
156,304,528,304,3
160,304,528,304,3
164,304,528,304,3
168,304,528,304,3
172,304,528,304,3
176,304,528,304,3
180,304,528,304,3
184,304,528,304,3
188,304,528,304,3
192,304,528,304,3
196,304,528,304,3
200,304,528,304,3
204,304,528,304,3
208,304,528,304,3
212,304,528,304,3
216,304,528,304,3
220,304,528,304,3
224,304,528,304,3
228,304,528,304,3
232,304,528,304,3
236,304,528,304,3
240,304,528,304,3
244,304,528,304,3
248,304,528,304,3
252,304,528,304,3
256,304,528,304,3
260,304,528,304,3
264,304,528,304,3
268,304,528,304,3
272,304,528,304,3
276,304,528,304,3
280,304,528,304,3
284,304,528,304,3
288,304,528,304,3
292,304,528,304,3
296,304,528,304,3
300,304,528,304,3
304,304,528,304,3
308,304,528,304,3
312,304,528,304,3
316,304,528,304,3
320,304,528,304,3
324,304,528,304,3
328,304,528,304,3
332,304,528,304,3
336,304,528,304,3
340,304,528,304,3
344,304,528,304,3
348,304,528,304,3
352,304,528,304,3
356,304,528,304,3
360,304,528,304,3
364,304,528,304,3
368,304,528,304,3
372,304,528,304,3
376,304,528,304,3
380,304,528,304,3
384,304,528,304,3
388,304,528,304,3
392,304,528,304,3
396,304,528,304,3
400,304,528,304,3
404,304,528,304,3
408,304,528,304,3
412,304,528,304,3
416,304,528,304,3
420,304,528,304,3
424,304,528,304,3
428,304,528,304,3
432,304,528,304,3
436,304,528,304,3
440,304,528,304,3
444,304,528,304,3
448,304,528,304,3
452,304,528,304,3
456,304,528,304,3
460,304,528,304,3
464,304,528,304,3
468,304,528,304,3
472,304,528,304,3
476,304,528,304,3
480,304,528,304,3
484,304,528,304,3
488,304,528,304,3
492,304,528,304,3
496,304,528,304,3
500,304,528,304,3
504,304,528,304,3
508,304,528,304,3
512,304,528,304,3
516,304,264,144,0
516,300,264,144,0
516,296,264,144,0
516,292,264,144,0
516,288,264,144,0
516,284,264,144,0
516,280,264,144,0
516,276,264,144,0
516,272,264,144,0
516,268,264,144,0
516,264,264,144,0
516,260,264,144,0
516,256,264,144,0
516,252,264,144,0
516,248,264,144,0
516,244,264,144,0
516,240,264,144,0
516,236,264,144,0
516,232,264,144,0
516,228,264,144,0
516,224,264,144,0
516,220,264,144,0
516,216,264,144,0
516,212,264,144,0
516,208,264,144,0
516,204,264,144,0
516,200,264,144,0
516,196,264,144,0
516,192,264,144,0
516,188,264,144,0
516,184,264,144,0
516,180,264,144,0
516,176,264,144,0
516,172,264,144,0
516,168,264,144,0
516,164,264,144,0
516,160,264,144,0
516,156,264,144,0
516,152,264,144,0
516,148,264,144,0
516,144,264,144,2
512,144,264,144,2
508,144,264,144,2
504,144,264,144,2
500,144,264,144,2
496,144,264,144,2
492,144,264,144,2
488,144,264,144,2
484,144,264,144,2
480,144,264,144,2
476,144,264,144,2
472,144,264,144,2
468,144,264,144,2
464,144,264,144,2
460,144,264,144,2
456,144,264,144,2
452,144,264,144,2
448,144,264,144,2
444,144,264,144,2
440,144,264,144,2
436,144,264,144,2
432,144,264,144,2
428,144,264,144,2
424,144,264,144,2
420,144,264,144,2
416,144,264,144,2
412,144,264,144,2
408,144,264,144,2
404,144,264,144,2
400,144,264,144,2
396,144,264,144,2
392,144,264,144,2
388,144,264,144,2
384,144,264,144,2
380,144,264,144,2
376,144,264,144,2
372,144,264,144,2
368,144,264,144,2
364,144,264,144,2
360,144,264,144,2
356,144,264,144,2
352,144,264,144,2
348,144,264,144,2
344,144,264,144,2
340,144,264,144,2
336,144,264,144,2
332,144,264,144,2
328,144,264,144,2
324,144,264,144,2
320,144,264,144,2
316,144,264,144,2
312,144,264,144,2
308,144,264,144,2
304,144,264,144,2
300,144,264,144,2
296,144,264,144,2
292,144,264,144,2
288,144,264,144,2
284,144,264,144,2
280,144,264,144,2
276,144,288,296,1
276,148,288,296,1
276,152,288,296,1
276,156,288,296,1
276,160,288,296,1
276,164,288,296,1
276,168,288,296,1
276,172,288,296,1
276,176,288,296,1
276,180,288,296,1
276,184,288,296,1
276,188,288,296,1
276,192,288,296,1
276,196,288,296,1
276,200,288,296,1
276,204,288,296,1
276,208,288,296,1
276,212,288,296,1
276,216,288,296,1
276,220,288,296,1
276,224,288,296,1
276,228,288,296,1
276,232,288,296,1
276,236,288,296,1
276,240,288,296,1
276,244,288,296,1
276,248,288,296,1
276,252,288,296,1
276,256,288,296,1
276,260,288,296,1
276,264,288,296,1
276,268,288,296,1
276,272,288,296,1
276,276,288,296,1
276,280,288,296,1
276,284,280,208,0
276,280,280,208,0
276,276,280,208,0
276,272,280,208,0
276,268,280,208,0
276,264,280,208,0
276,260,280,208,0
276,256,280,208,0
276,252,280,208,0
276,248,280,208,0
276,244,280,208,0
276,240,280,208,0
276,236,280,208,0
276,232,280,208,0
276,228,280,208,0
276,224,280,208,0
276,220,232,264,1
276,224,232,264,1
276,228,232,264,1
276,232,232,264,1
276,236,232,264,1
276,240,232,264,1
276,244,232,264,1
276,248,232,264,1
276,252,232,264,1
276,256,232,264,1
276,260,232,264,1
276,264,232,264,2
272,264,232,264,2
268,264,232,264,2
264,264,232,264,2
260,264,232,264,2
256,264,232,264,2
252,264,232,264,2
248,264,232,264,2
244,264,192,240,0
244,260,192,240,0
244,256,192,240,0
244,252,192,240,0
244,248,192,240,0
244,244,192,240,0
244,240,192,240,2
240,240,192,240,2
236,240,192,240,2
232,240,192,240,2
228,240,192,240,2
224,240,192,240,2
220,240,192,240,2
216,240,192,240,2
212,240,192,240,2
208,240,192,240,2
204,240,544,192,0
204,236,544,192,0
204,232,544,192,0
204,228,544,192,0
204,224,544,192,0
204,220,544,192,0
204,216,544,192,0
204,212,544,192,0
204,208,544,192,0
204,204,544,192,0
204,200,544,192,0
204,196,544,192,0
204,192,544,192,3
208,192,544,192,3
212,192,544,192,3
216,192,544,192,3
220,192,544,192,3
224,192,544,192,3
228,192,544,192,3
232,192,544,192,3
236,192,544,192,3
240,192,544,192,3
244,192,544,192,3
248,192,544,192,3
252,192,544,192,3
256,192,544,192,3
260,192,544,192,3
264,192,544,192,3
268,192,544,192,3
272,192,544,192,3
276,192,544,192,3
280,192,544,192,3
284,192,544,192,3
288,192,544,192,3
292,192,544,192,3
296,192,544,192,3
300,192,544,192,3
304,192,544,192,3
308,192,544,192,3
312,192,544,192,3
316,192,544,192,3
320,192,544,192,3
324,192,544,192,3
328,192,544,192,3
332,192,544,192,3
336,192,544,192,3
340,192,544,192,3
344,192,544,192,3
348,192,544,192,3
352,192,544,192,3
356,192,544,192,3
360,192,544,192,3
364,192,544,192,3
368,192,544,192,3
372,192,544,192,3
376,192,544,192,3
380,192,544,192,3
384,192,544,192,3
388,192,544,192,3
392,192,544,192,3
396,192,544,192,3
400,192,544,192,3
404,192,544,192,3
408,192,544,192,3
412,192,544,192,3
416,192,544,192,3
420,192,544,192,3
424,192,544,192,3
428,192,544,192,3
432,192,544,192,3
436,192,544,192,3
440,192,544,192,3
444,192,544,192,3
448,192,544,192,3
452,192,544,192,3
456,192,544,192,3
460,192,544,192,3
464,192,544,192,3
468,192,544,192,3
472,192,544,192,3
476,192,544,192,3
480,192,544,192,3
484,192,544,192,3
488,192,544,192,3
492,192,544,192,3
496,192,544,192,3
500,192,544,192,3
504,192,544,192,3
508,192,544,192,3
512,192,544,192,3
516,192,544,192,3
520,192,544,192,3
524,192,544,192,3
528,192,544,192,3
532,192,368,152,0
532,188,368,152,0
532,184,368,152,0
532,180,368,152,0
532,176,368,152,0
532,172,368,152,0
532,168,368,152,0
532,164,368,152,0
532,160,368,152,0
532,156,368,152,0
532,152,368,152,2
528,152,368,152,2
524,152,368,152,2
520,152,368,152,2
516,152,368,152,2
512,152,368,152,2
508,152,368,152,2
504,152,368,152,2
500,152,368,152,2
496,152,368,152,2
492,152,368,152,2
488,152,368,152,2
484,152,368,152,2
480,152,368,152,2
476,152,368,152,2
472,152,368,152,2
468,152,368,152,2
464,152,368,152,2
460,152,368,152,2
456,152,368,152,2
452,152,368,152,2
448,152,368,152,2
444,152,368,152,2
440,152,368,152,2
436,152,368,152,2
432,152,368,152,2
428,152,368,152,2
424,152,368,152,2
420,152,368,152,2
416,152,368,152,2
412,152,368,152,2
408,152,368,152,2
404,152,368,152,2
400,152,368,152,2
396,152,368,152,2
392,152,368,152,2
388,152,368,152,2
384,152,368,152,2
380,152,576,176,1
380,156,576,176,1
380,160,576,176,1
380,164,576,176,1
380,168,576,176,1
380,172,576,176,1
380,176,576,176,3
384,176,576,176,3
388,176,576,176,3
392,176,576,176,3
396,176,576,176,3
400,176,576,176,3
404,176,576,176,3
408,176,576,176,3
412,176,576,176,3
416,176,576,176,3
420,176,576,176,3
424,176,576,176,3
428,176,576,176,3
432,176,576,176,3
436,176,576,176,3
440,176,576,176,3
444,176,576,176,3
448,176,576,176,3
452,176,576,176,3
456,176,576,176,3
460,176,576,176,3
464,176,576,176,3
468,176,576,176,3
472,176,576,176,3
476,176,576,176,3
480,176,576,176,3
484,176,576,176,3
488,176,576,176,3
492,176,576,176,3
496,176,576,176,3
500,176,576,176,3
504,176,576,176,3
508,176,576,176,3
512,176,576,176,3
516,176,576,176,3
520,176,576,176,3
524,176,576,176,3
528,176,576,176,3
532,176,576,176,3
536,176,576,176,3
540,176,576,176,3
544,176,576,176,3
548,176,576,176,3
552,176,576,176,3
556,176,576,176,3
560,176,576,176,3
564,176,720,280,1
564,180,720,280,1
564,184,720,280,1
564,188,720,280,1
564,192,720,280,1
564,196,720,280,1
564,200,720,280,1
564,204,720,280,1
564,208,720,280,1
564,212,720,280,1
564,216,720,280,1
564,220,720,280,1
564,224,720,280,1
564,228,720,280,1
564,232,720,280,1
564,236,720,280,1
564,240,720,280,1
564,244,720,280,1
564,248,720,280,1
564,252,720,280,1
564,256,720,280,1
564,260,720,280,1
564,264,720,280,1
564,268,720,280,1
564,272,720,280,1
564,276,720,280,1
564,280,720,280,3
568,280,720,280,3
572,280,720,280,3
576,280,720,280,3
580,280,720,280,3
584,280,720,280,3
588,280,720,280,3
592,280,720,280,3
596,280,720,280,3
600,280,720,280,3
604,280,720,280,3
608,280,720,280,3
612,280,720,280,3
616,280,720,280,3
620,280,720,280,3
624,280,720,280,3
628,280,720,280,3
632,280,720,280,3
636,280,720,280,3
640,280,720,280,3
644,280,720,280,3
648,280,720,280,3
652,280,720,280,3
656,280,720,280,3
660,280,720,280,3
664,280,720,280,3
668,280,720,280,3
672,280,720,280,3
676,280,720,280,3
680,280,720,280,3
684,280,720,280,3
688,280,720,280,3
692,280,720,280,3
696,280,720,280,3
700,280,720,280,3
704,280,720,280,3
708,280,368,48,0
708,276,368,48,0
708,272,368,48,0
708,268,368,48,0
708,264,368,48,0
708,260,368,48,0
708,256,368,48,0
708,252,368,48,0
708,248,368,48,0
708,244,368,48,0
708,240,368,48,0
708,236,368,48,0
708,232,368,48,0
708,228,368,48,0
708,224,368,48,0
708,220,368,48,0
708,216,368,48,0
708,212,368,48,0
708,208,368,48,0
708,204,368,48,0
708,200,368,48,0
708,196,368,48,0
708,192,368,48,0
708,188,368,48,0
708,184,368,48,0
708,180,368,48,0
708,176,368,48,0
708,172,368,48,0
708,168,368,48,0
708,164,368,48,0
708,160,368,48,0
708,156,368,48,0
708,152,368,48,0
708,148,368,48,0
708,144,368,48,0
708,140,368,48,0
708,136,368,48,0
708,132,368,48,0
708,128,368,48,0
708,124,368,48,0
708,120,368,48,0
708,116,368,48,0
708,112,368,48,0
708,108,368,48,0
708,104,368,48,0
708,100,368,48,0
708,96,368,48,0
708,92,368,48,0
708,88,368,48,0
708,84,368,48,0
708,80,368,48,0
708,76,368,48,0
708,72,368,48,0
708,68,368,48,0
708,64,368,48,0
708,60,368,48,0
708,56,368,48,0
708,52,368,48,0
708,48,368,48,2
704,48,368,48,2
700,48,368,48,2
696,48,368,48,2
692,48,368,48,2
688,48,368,48,2
684,48,368,48,2
680,48,368,48,2
676,48,368,48,2
672,48,368,48,2
668,48,368,48,2
664,48,368,48,2
660,48,368,48,2
656,48,368,48,2
652,48,368,48,2
648,48,368,48,2
644,48,368,48,2
640,48,368,48,2
636,48,368,48,2
632,48,368,48,2
628,48,368,48,2
624,48,368,48,2
620,48,368,48,2
616,48,368,48,2
612,48,368,48,2
608,48,368,48,2
604,48,368,48,2
600,48,368,48,2
596,48,368,48,2
592,48,368,48,2
588,48,368,48,2
584,48,368,48,2
580,48,368,48,2
576,48,368,48,2
572,48,368,48,2
568,48,368,48,2
564,48,368,48,2
560,48,368,48,2
556,48,368,48,2
552,48,368,48,2
548,48,368,48,2
544,48,368,48,2
540,48,368,48,2
536,48,368,48,2
532,48,368,48,2
528,48,368,48,2
524,48,368,48,2
520,48,368,48,2
516,48,368,48,2
512,48,368,48,2
508,48,368,48,2
504,48,368,48,2
500,48,368,48,2
496,48,368,48,2
492,48,368,48,2
488,48,368,48,2
484,48,368,48,2
480,48,368,48,2
476,48,368,48,2
472,48,368,48,2
468,48,368,48,2
464,48,368,48,2
460,48,368,48,2
456,48,368,48,2
452,48,368,48,2
448,48,368,48,2
444,48,368,48,2
440,48,368,48,2
436,48,368,48,2
432,48,368,48,2
428,48,368,48,2
424,48,368,48,2
420,48,368,48,2
416,48,368,48,2
412,48,368,48,2
408,48,368,48,2
404,48,368,48,2
400,48,368,48,2
396,48,368,48,2
392,48,368,48,2
388,48,368,48,2
384,48,368,48,2
380,48,744,112,1
380,52,744,112,1
380,56,744,112,1
380,60,744,112,1
380,64,744,112,1
380,68,744,112,1
380,72,744,112,1
380,76,744,112,1
380,80,744,112,1
380,84,744,112,1
380,88,744,112,1
380,92,744,112,1
380,96,744,112,1
380,100,744,112,1
380,104,744,112,1
380,108,744,112,1
380,112,744,112,3
384,112,744,112,3
388,112,744,112,3
392,112,744,112,3
396,112,744,112,3
400,112,744,112,3
404,112,744,112,3
408,112,744,112,3
412,112,744,112,3
416,112,744,112,3
420,112,744,112,3
424,112,744,112,3
428,112,744,112,3
432,112,744,112,3
436,112,744,112,3
440,112,744,112,3
444,112,744,112,3
448,112,744,112,3
452,112,744,112,3
456,112,744,112,3
460,112,744,112,3
464,112,744,112,3
468,112,744,112,3
472,112,744,112,3
476,112,744,112,3
480,112,744,112,3
484,112,744,112,3
488,112,744,112,3
492,112,744,112,3
496,112,744,112,3
500,112,744,112,3
504,112,744,112,3
508,112,744,112,3
512,112,744,112,3
516,112,744,112,3
520,112,744,112,3
524,112,744,112,3
528,112,744,112,3
532,112,744,112,3
536,112,744,112,3
540,112,744,112,3
544,112,744,112,3
548,112,744,112,3
552,112,744,112,3
556,112,744,112,3
560,112,744,112,3
564,112,744,112,3
568,112,744,112,3
572,112,744,112,3
576,112,744,112,3
580,112,744,112,3
584,112,744,112,3
588,112,744,112,3
592,112,744,112,3
596,112,744,112,3
600,112,744,112,3
604,112,744,112,3
608,112,744,112,3
612,112,744,112,3
616,112,744,112,3
620,112,744,112,3
624,112,744,112,3
628,112,744,112,3
632,112,744,112,3
636,112,744,112,3
640,112,744,112,3
644,112,744,112,3
648,112,744,112,3
652,112,744,112,3
656,112,744,112,3
660,112,744,112,3
664,112,744,112,3
668,112,744,112,3
672,112,744,112,3
676,112,744,112,3
680,112,744,112,3
684,112,744,112,3
688,112,744,112,3
692,112,744,112,3
696,112,744,112,3
700,112,744,112,3
704,112,744,112,3
708,112,744,112,3
712,112,744,112,3
716,112,744,112,3
720,112,744,112,3
724,112,744,112,3
728,112,744,112,3
732,112,456,184,1
732,116,456,184,1
732,120,456,184,1
732,124,456,184,1
732,128,456,184,1
732,132,456,184,1
732,136,456,184,1
732,140,456,184,1
732,144,456,184,1
732,148,456,184,1
732,152,456,184,1
732,156,456,184,1
732,160,456,184,1
732,164,456,184,1
732,168,456,184,1
732,172,456,184,1
732,176,456,184,1
732,180,456,184,1
732,184,456,184,2
728,184,456,184,2
724,184,456,184,2
720,184,456,184,2
716,184,456,184,2
712,184,456,184,2
708,184,456,184,2
704,184,456,184,2
700,184,456,184,2
696,184,456,184,2
692,184,456,184,2
688,184,456,184,2
684,184,456,184,2
680,184,456,184,2
676,184,456,184,2
672,184,456,184,2
668,184,456,184,2
664,184,456,184,2
660,184,456,184,2
656,184,456,184,2
652,184,456,184,2
648,184,456,184,2
644,184,456,184,2
640,184,456,184,2
636,184,456,184,2
632,184,456,184,2
628,184,456,184,2
624,184,456,184,2
620,184,456,184,2
616,184,456,184,2
612,184,456,184,2
608,184,456,184,2
604,184,456,184,2
600,184,456,184,2
596,184,456,184,2
592,184,456,184,2
588,184,456,184,2
584,184,456,184,2
580,184,456,184,2
576,184,456,184,2
572,184,456,184,2
568,184,456,184,2
564,184,456,184,2
560,184,456,184,2
556,184,456,184,2
552,184,456,184,2
548,184,456,184,2
544,184,456,184,2
540,184,456,184,2
536,184,456,184,2
532,184,456,184,2
528,184,456,184,2
524,184,456,184,2
520,184,456,184,2
516,184,456,184,2
512,184,456,184,2
508,184,456,184,2
504,184,456,184,2
500,184,456,184,2
496,184,456,184,2
492,184,456,184,2
488,184,456,184,2
484,184,456,184,2
480,184,456,184,2
476,184,456,184,2
472,184,456,184,2
468,184,512,216,1
468,188,512,216,1
468,192,512,216,1
468,196,512,216,1
468,200,512,216,1
468,204,512,216,1
468,208,512,216,1
468,212,512,216,1
468,216,512,216,3
472,216,512,216,3
476,216,512,216,3
480,216,512,216,3
484,216,512,216,3
488,216,512,216,3
492,216,512,216,3
496,216,512,216,3
500,216,80,224,1
500,220,80,224,1
500,224,80,224,2
496,224,80,224,2
492,224,80,224,2
488,224,80,224,2
484,224,80,224,2
480,224,80,224,2
476,224,80,224,2
472,224,80,224,2
468,224,80,224,2
464,224,80,224,2
460,224,80,224,2
456,224,80,224,2
452,224,80,224,2
448,224,80,224,2
444,224,80,224,2
440,224,80,224,2
436,224,80,224,2
432,224,80,224,2
428,224,80,224,2
424,224,80,224,2
420,224,80,224,2
416,224,80,224,2
412,224,80,224,2
408,224,80,224,2
404,224,80,224,2
400,224,80,224,2
396,224,80,224,2
392,224,80,224,2
388,224,80,224,2
384,224,80,224,2
380,224,80,224,2
376,224,80,224,2
372,224,80,224,2
368,224,80,224,2
364,224,80,224,2
360,224,80,224,2
356,224,80,224,2
352,224,80,224,2
348,224,80,224,2
344,224,80,224,2
340,224,80,224,2
336,224,80,224,2
332,224,80,224,2
328,224,80,224,2
324,224,80,224,2
320,224,80,224,2
316,224,80,224,2
312,224,80,224,2
308,224,80,224,2
304,224,80,224,2
300,224,80,224,2
296,224,80,224,2
292,224,80,224,2
288,224,80,224,2
284,224,80,224,2
280,224,80,224,2
276,224,80,224,2
272,224,80,224,2
268,224,80,224,2
264,224,80,224,2
260,224,80,224,2
256,224,80,224,2
252,224,80,224,2
248,224,80,224,2
244,224,80,224,2
240,224,80,224,2
236,224,80,224,2
232,224,80,224,2
228,224,80,224,2
224,224,80,224,2
220,224,80,224,2
216,224,80,224,2
212,224,80,224,2
208,224,80,224,2
204,224,80,224,2
200,224,80,224,2
196,224,80,224,2
192,224,80,224,2
188,224,80,224,2
184,224,80,224,2
180,224,80,224,2
176,224,80,224,2
172,224,80,224,2
168,224,80,224,2
164,224,80,224,2
160,224,80,224,2
156,224,80,224,2
152,224,80,224,2
148,224,80,224,2
144,224,80,224,2
140,224,80,224,2
136,224,80,224,2
132,224,80,224,2
128,224,80,224,2
124,224,80,224,2
120,224,80,224,2
116,224,80,224,2
112,224,80,224,2
108,224,80,224,2
104,224,80,224,2
100,224,80,224,2
96,224,80,224,2
92,224,136,272,1
92,228,136,272,1
92,232,136,272,1
92,236,136,272,1
92,240,136,272,1
92,244,136,272,1
92,248,136,272,1
92,252,136,272,1
92,256,136,272,1
92,260,136,272,1
92,264,136,272,1
92,268,136,272,1
92,272,136,272,3
96,272,136,272,3
100,272,136,272,3
104,272,136,272,3
108,272,136,272,3
112,272,136,272,3
116,272,136,272,3
120,272,136,272,3
124,272,176,152,0
124,268,176,152,0
124,264,176,152,0
124,260,176,152,0
124,256,176,152,0
124,252,176,152,0
124,248,176,152,0
124,244,176,152,0
124,240,176,152,0
124,236,176,152,0
124,232,176,152,0
124,228,176,152,0
124,224,176,152,0
124,220,176,152,0
124,216,176,152,0
124,212,176,152,0
124,208,176,152,0
124,204,176,152,0
124,200,176,152,0
124,196,176,152,0
124,192,176,152,0
124,188,176,152,0
124,184,176,152,0
124,180,176,152,0
124,176,176,152,0
124,172,176,152,0
124,168,176,152,0
124,164,176,152,0
124,160,176,152,0
124,156,176,152,0
124,152,176,152,3
128,152,176,152,3
132,152,176,152,3
136,152,176,152,3
140,152,176,152,3
144,152,176,152,3
148,152,176,152,3
152,152,176,152,3
156,152,176,152,3
160,152,176,152,3
164,152,360,72,0
164,148,360,72,0
164,144,360,72,0
164,140,360,72,0
164,136,360,72,0
164,132,360,72,0
164,128,360,72,0
164,124,360,72,0
164,120,360,72,0
164,116,360,72,0
164,112,360,72,0
164,108,360,72,0
164,104,360,72,0
164,100,360,72,0
164,96,360,72,0
164,92,360,72,0
164,88,360,72,0
164,84,360,72,0
164,80,360,72,0
164,76,360,72,0
164,72,360,72,3
168,72,360,72,3
172,72,360,72,3
176,72,360,72,3
180,72,360,72,3
184,72,360,72,3
188,72,360,72,3
192,72,360,72,3
196,72,360,72,3
200,72,360,72,3
204,72,360,72,3
208,72,360,72,3
212,72,360,72,3
216,72,360,72,3
220,72,360,72,3
224,72,360,72,3
228,72,360,72,3
232,72,360,72,3
236,72,360,72,3
240,72,360,72,3
244,72,360,72,3
248,72,360,72,3
252,72,360,72,3
256,72,360,72,3
260,72,360,72,3
264,72,360,72,3
268,72,360,72,3
272,72,360,72,3
276,72,360,72,3
280,72,360,72,3
284,72,360,72,3
288,72,360,72,3
292,72,360,72,3
296,72,360,72,3
300,72,360,72,3
304,72,360,72,3
308,72,360,72,3
312,72,360,72,3
316,72,360,72,3
320,72,360,72,3
324,72,360,72,3
328,72,360,72,3
332,72,360,72,3
336,72,360,72,3
340,72,360,72,3
344,72,360,72,3
348,72,240,96,1
348,76,240,96,1
348,80,240,96,1
348,84,240,96,1
348,88,240,96,1
348,92,240,96,1
348,96,240,96,2
344,96,240,96,2
340,96,240,96,2
336,96,240,96,2
332,96,240,96,2
328,96,240,96,2
324,96,240,96,2
320,96,240,96,2
316,96,240,96,2
312,96,240,96,2
308,96,240,96,2
304,96,240,96,2
300,96,240,96,2
296,96,240,96,2
292,96,240,96,2
288,96,240,96,2
284,96,240,96,2
280,96,240,96,2
276,96,240,96,2
272,96,240,96,2
268,96,240,96,2
264,96,240,96,2
260,96,240,96,2
256,96,240,96,2
252,96,304,56,0
252,92,304,56,0
252,88,304,56,0
252,84,304,56,0
252,80,304,56,0
252,76,304,56,0
252,72,304,56,0
252,68,304,56,0
252,64,304,56,0
252,60,304,56,0
252,56,304,56,3
256,56,304,56,3
260,56,304,56,3
264,56,304,56,3
268,56,304,56,3
272,56,304,56,3
276,56,304,56,3
280,56,304,56,3
284,56,304,56,3
288,56,304,56,3
292,56,184,96,1
292,60,184,96,1
292,64,184,96,1
292,68,184,96,1
292,72,184,96,1
292,76,184,96,1
292,80,184,96,1
292,84,184,96,1
292,88,184,96,1
292,92,184,96,1
292,96,184,96,2
288,96,184,96,2
284,96,184,96,2
280,96,184,96,2
276,96,184,96,2
272,96,184,96,2
268,96,184,96,2
264,96,184,96,2
260,96,184,96,2
256,96,184,96,2
252,96,184,96,2
248,96,184,96,2
244,96,184,96,2
240,96,184,96,2
236,96,184,96,2
232,96,184,96,2
228,96,184,96,2
224,96,184,96,2
220,96,184,96,2
216,96,184,96,2
212,96,184,96,2
208,96,184,96,2
204,96,184,96,2
200,96,184,96,2
196,96,264,312,1
196,100,264,312,1
196,104,264,312,1
196,108,264,312,1
196,112,264,312,1
196,116,264,312,1
196,120,264,312,1
196,124,264,312,1
196,128,264,312,1
196,132,264,312,1
196,136,264,312,1
196,140,264,312,1
196,144,264,312,1
196,148,264,312,1
196,152,264,312,1
196,156,264,312,1
196,160,264,312,1
196,164,264,312,1
196,168,264,312,1
196,172,264,312,1
196,176,264,312,1
196,180,264,312,1
196,184,264,312,1
196,188,264,312,1
196,192,264,312,1
196,196,264,312,1
196,200,264,312,1
196,204,264,312,1
196,208,264,312,1
196,212,264,312,1
196,216,264,312,1
196,220,264,312,1
196,224,264,312,1
196,228,264,312,1
196,232,264,312,1
196,236,264,312,1
196,240,264,312,1
196,244,264,312,1
196,248,264,312,1
196,252,264,312,1
196,256,264,312,1
196,260,264,312,1
196,264,264,312,1
196,268,264,312,1
196,272,264,312,1
196,276,264,312,1
196,280,264,312,1
196,284,264,312,1
196,288,264,312,1
196,292,264,312,1
196,296,264,312,1
196,300,264,312,1
196,304,264,312,1
196,308,264,312,1
196,312,264,312,3
200,312,264,312,3
204,312,264,312,3
208,312,264,312,3
212,312,264,312,3
216,312,264,312,3
220,312,264,312,3
224,312,264,312,3
228,312,264,312,3
232,312,264,312,3
236,312,264,312,3
240,312,264,312,3
244,312,264,312,3
248,312,264,312,3
252,312,248,312,2
248,312,720,224,0
248,308,720,224,0
248,304,720,224,0
248,300,720,224,0
248,296,720,224,0
248,292,720,224,0
248,288,720,224,0
248,284,720,224,0
248,280,720,224,0
248,276,720,224,0
248,272,720,224,0
248,268,720,224,0
248,264,720,224,0
248,260,720,224,0
248,256,720,224,0
248,252,720,224,0
248,248,720,224,0
248,244,720,224,0
248,240,720,224,0
248,236,720,224,0
248,232,720,224,0
248,228,720,224,0
248,224,720,224,3
252,224,720,224,3
256,224,720,224,3
260,224,720,224,3
264,224,720,224,3
268,224,720,224,3
272,224,720,224,3
276,224,720,224,3
280,224,720,224,3
284,224,720,224,3
288,224,720,224,3
292,224,720,224,3
296,224,720,224,3
300,224,720,224,3
304,224,720,224,3
308,224,720,224,3
312,224,720,224,3
316,224,720,224,3
320,224,720,224,3
324,224,720,224,3
328,224,720,224,3
332,224,720,224,3
336,224,720,224,3
340,224,720,224,3
344,224,720,224,3
348,224,720,224,3
352,224,720,224,3
356,224,720,224,3
360,224,720,224,3
364,224,720,224,3
368,224,720,224,3
372,224,720,224,3
376,224,720,224,3
380,224,720,224,3
384,224,720,224,3
388,224,720,224,3
392,224,720,224,3
396,224,720,224,3
400,224,720,224,3
404,224,720,224,3
408,224,720,224,3
412,224,720,224,3
416,224,720,224,3
420,224,720,224,3
424,224,720,224,3
428,224,720,224,3
432,224,720,224,3
436,224,720,224,3
440,224,720,224,3
444,224,720,224,3
448,224,720,224,3
452,224,720,224,3
456,224,720,224,3
460,224,720,224,3
464,224,720,224,3
468,224,720,224,3
472,224,720,224,3
476,224,720,224,3
480,224,720,224,3
484,224,720,224,3
488,224,720,224,3
492,224,720,224,3
496,224,720,224,3
500,224,720,224,3
504,224,720,224,3
508,224,720,224,3
512,224,720,224,3
516,224,720,224,3
520,224,720,224,3
524,224,720,224,3
528,224,720,224,3
532,224,720,224,3
536,224,720,224,3
540,224,720,224,3
544,224,720,224,3
548,224,720,224,3
552,224,720,224,3
556,224,720,224,3
560,224,720,224,3
564,224,720,224,3
568,224,720,224,3
572,224,720,224,3
576,224,720,224,3
580,224,720,224,3
584,224,720,224,3
588,224,720,224,3
592,224,720,224,3
596,224,720,224,3
600,224,720,224,3
604,224,720,224,3
608,224,720,224,3
612,224,720,224,3
616,224,720,224,3
620,224,720,224,3
624,224,720,224,3
628,224,720,224,3
632,224,720,224,3
636,224,720,224,3
640,224,720,224,3
644,224,720,224,3
648,224,720,224,3
652,224,720,224,3
656,224,720,224,3
660,224,720,224,3
664,224,720,224,3
668,224,720,224,3
672,224,720,224,3
676,224,720,224,3
680,224,720,224,3
684,224,720,224,3
688,224,720,224,3
692,224,720,224,3
696,224,720,224,3
700,224,720,224,3
704,224,720,224,3
708,224,320,216,0
708,220,320,216,0
708,216,320,216,2
704,216,320,216,2
700,216,320,216,2
696,216,320,216,2
692,216,320,216,2
688,216,320,216,2
684,216,320,216,2
680,216,320,216,2
676,216,320,216,2
672,216,320,216,2
668,216,320,216,2
664,216,320,216,2
660,216,320,216,2
656,216,320,216,2
652,216,320,216,2
648,216,320,216,2
644,216,320,216,2
640,216,320,216,2
636,216,320,216,2
632,216,320,216,2
628,216,320,216,2
624,216,320,216,2
620,216,320,216,2
616,216,320,216,2
612,216,320,216,2
608,216,320,216,2
604,216,320,216,2
600,216,320,216,2
596,216,320,216,2
592,216,320,216,2
588,216,320,216,2
584,216,320,216,2
580,216,320,216,2
576,216,320,216,2
572,216,320,216,2
568,216,320,216,2
564,216,320,216,2
560,216,320,216,2
556,216,320,216,2
552,216,320,216,2
548,216,320,216,2
544,216,320,216,2
540,216,320,216,2
536,216,320,216,2
532,216,320,216,2
528,216,320,216,2
524,216,320,216,2
520,216,320,216,2
516,216,320,216,2
512,216,320,216,2
508,216,320,216,2
504,216,320,216,2
500,216,320,216,2
496,216,320,216,2
492,216,320,216,2
488,216,320,216,2
484,216,320,216,2
480,216,320,216,2
476,216,320,216,2
472,216,320,216,2
468,216,320,216,2
464,216,320,216,2
460,216,320,216,2
456,216,320,216,2
452,216,320,216,2
448,216,320,216,2
444,216,320,216,2
440,216,320,216,2
436,216,320,216,2
432,216,320,216,2
428,216,320,216,2
424,216,320,216,2
420,216,320,216,2
416,216,320,216,2
412,216,320,216,2
408,216,320,216,2
404,216,320,216,2
400,216,320,216,2
396,216,320,216,2
392,216,320,216,2
388,216,320,216,2
384,216,320,216,2
380,216,320,216,2
376,216,320,216,2
372,216,320,216,2
368,216,320,216,2
364,216,320,216,2
360,216,320,216,2
356,216,320,216,2
352,216,320,216,2
348,216,320,216,2
344,216,320,216,2
340,216,320,216,2
336,216,320,216,2
332,216,576,184,0
332,212,576,184,0
332,208,576,184,0
332,204,576,184,0
332,200,576,184,0
332,196,576,184,0
332,192,576,184,0
332,188,576,184,0
332,184,576,184,3
336,184,576,184,3
340,184,576,184,3
344,184,576,184,3
348,184,576,184,3
352,184,576,184,3
356,184,576,184,3
360,184,576,184,3
364,184,576,184,3
368,184,576,184,3
372,184,576,184,3
376,184,576,184,3
380,184,576,184,3
384,184,576,184,3
388,184,576,184,3
392,184,576,184,3
396,184,576,184,3
400,184,576,184,3
404,184,576,184,3
408,184,576,184,3
412,184,576,184,3
416,184,576,184,3
420,184,576,184,3
424,184,576,184,3
428,184,576,184,3
432,184,576,184,3
436,184,576,184,3
440,184,576,184,3
444,184,576,184,3
448,184,576,184,3
452,184,576,184,3
456,184,576,184,3
460,184,576,184,3
464,184,576,184,3
468,184,576,184,3
472,184,576,184,3
476,184,576,184,3
480,184,576,184,3
484,184,576,184,3
488,184,576,184,3
492,184,576,184,3
496,184,576,184,3
500,184,576,184,3
504,184,576,184,3
508,184,576,184,3
512,184,576,184,3
516,184,576,184,3
520,184,576,184,3
524,184,576,184,3
528,184,576,184,3
532,184,576,184,3
536,184,576,184,3
540,184,576,184,3
544,184,576,184,3
548,184,576,184,3
552,184,576,184,3
556,184,576,184,3
560,184,576,184,3
564,184,264,48,0
564,180,264,48,0
564,176,264,48,0
564,172,264,48,0
564,168,264,48,0
564,164,264,48,0
564,160,264,48,0
564,156,264,48,0
564,152,264,48,0
564,148,264,48,0
564,144,264,48,0
564,140,264,48,0
564,136,264,48,0
564,132,264,48,0
564,128,264,48,0
564,124,264,48,0
564,120,264,48,0
564,116,264,48,0
564,112,264,48,0
564,108,264,48,0
564,104,264,48,0
564,100,264,48,0
564,96,264,48,0
564,92,264,48,0
564,88,264,48,0
564,84,264,48,0
564,80,264,48,0
564,76,264,48,0
564,72,264,48,0
564,68,264,48,0
564,64,264,48,0
564,60,264,48,0
564,56,264,48,0
564,52,264,48,0
564,48,264,48,2
560,48,264,48,2
556,48,264,48,2
552,48,264,48,2
548,48,264,48,2
544,48,264,48,2
540,48,264,48,2
536,48,264,48,2
532,48,264,48,2
528,48,264,48,2
524,48,264,48,2
520,48,264,48,2
516,48,264,48,2
512,48,264,48,2
508,48,264,48,2
504,48,264,48,2
500,48,264,48,2
496,48,264,48,2
492,48,264,48,2
488,48,264,48,2
484,48,264,48,2
480,48,264,48,2
476,48,264,48,2
472,48,264,48,2
468,48,264,48,2
464,48,264,48,2
460,48,264,48,2
456,48,264,48,2
452,48,264,48,2
448,48,264,48,2
444,48,264,48,2
440,48,264,48,2
436,48,264,48,2
432,48,264,48,2
428,48,264,48,2
424,48,264,48,2
420,48,264,48,2
416,48,264,48,2
412,48,264,48,2
408,48,264,48,2
404,48,264,48,2
400,48,264,48,2
396,48,264,48,2
392,48,264,48,2
388,48,264,48,2
384,48,264,48,2
380,48,264,48,2
376,48,264,48,2
372,48,264,48,2
368,48,264,48,2
364,48,264,48,2
360,48,264,48,2
356,48,264,48,2
352,48,264,48,2
348,48,264,48,2
344,48,264,48,2
340,48,264,48,2
336,48,264,48,2
332,48,264,48,2
328,48,264,48,2
324,48,264,48,2
320,48,264,48,2
316,48,264,48,2
312,48,264,48,2
308,48,264,48,2
304,48,264,48,2
300,48,264,48,2
296,48,264,48,2
292,48,264,48,2
288,48,264,48,2
284,48,264,48,2
280,48,264,48,2
276,48,312,312,1
276,52,312,312,1
276,56,312,312,1
276,60,312,312,1
276,64,312,312,1
276,68,312,312,1
276,72,312,312,1
276,76,312,312,1
276,80,312,312,1
276,84,312,312,1
276,88,312,312,1
276,92,312,312,1
276,96,312,312,1
276,100,312,312,1
276,104,312,312,1
276,108,312,312,1
276,112,312,312,1
276,116,312,312,1
276,120,312,312,1
276,124,312,312,1
276,128,312,312,1
276,132,312,312,1
276,136,312,312,1
276,140,312,312,1
276,144,312,312,1
276,148,312,312,1
276,152,312,312,1
276,156,312,312,1
276,160,312,312,1
276,164,312,312,1
276,168,312,312,1
276,172,312,312,1
276,176,312,312,1
276,180,312,312,1
276,184,312,312,1
276,188,312,312,1
276,192,312,312,1
276,196,312,312,1
276,200,312,312,1
276,204,312,312,1
276,208,312,312,1
276,212,312,312,1
276,216,312,312,1
276,220,312,312,1
276,224,312,312,1
276,228,312,312,1
276,232,312,312,1
276,236,312,312,1
276,240,312,312,1
276,244,312,312,1
276,248,312,312,1
276,252,312,312,1
276,256,312,312,1
276,260,312,312,1
276,264,312,312,1
276,268,312,312,1
276,272,312,312,1
276,276,312,312,1
276,280,312,312,1
276,284,312,312,1
276,288,312,312,1
276,292,312,312,1
276,296,312,312,1
276,300,312,312,1
276,304,312,312,1
276,308,312,312,1
276,312,312,312,3
280,312,312,312,3
284,312,312,312,3
288,312,312,312,3
292,312,312,312,3
296,312,312,312,3
300,312,216,144,0
300,308,216,144,0
300,304,216,144,0
300,300,216,144,0
300,296,216,144,0
300,292,216,144,0
300,288,216,144,0
300,284,216,144,0
300,280,216,144,0
300,276,216,144,0
300,272,216,144,0
300,268,216,144,0
300,264,216,144,0
300,260,216,144,0
300,256,216,144,0
300,252,216,144,0
300,248,216,144,0
300,244,216,144,0
300,240,216,144,0
300,236,216,144,0
300,232,216,144,0
300,228,216,144,0
300,224,216,144,0
300,220,216,144,0
300,216,216,144,0
300,212,216,144,0
300,208,216,144,0
300,204,216,144,0
300,200,216,144,0
300,196,216,144,0
300,192,216,144,0
300,188,216,144,0
300,184,216,144,0
300,180,216,144,0
300,176,216,144,0
300,172,216,144,0
300,168,216,144,0
300,164,216,144,0
300,160,216,144,0
300,156,216,144,0
300,152,216,144,0
300,148,216,144,0
300,144,216,144,2
296,144,216,144,2
292,144,216,144,2
288,144,216,144,2
284,144,216,144,2
280,144,216,144,2
276,144,216,144,2
272,144,216,144,2
268,144,216,144,2
264,144,216,144,2
260,144,216,144,2
256,144,216,144,2
252,144,216,144,2
248,144,216,144,2
244,144,216,144,2
240,144,216,144,2
236,144,216,144,2
232,144,216,144,2
228,144,200,56,0
228,140,200,56,0
228,136,200,56,0
228,132,200,56,0
228,128,200,56,0
228,124,200,56,0
228,120,200,56,0
228,116,200,56,0
228,112,200,56,0
228,108,200,56,0
228,104,200,56,0
228,100,200,56,0
228,96,200,56,0
228,92,200,56,0
228,88,200,56,0
228,84,200,56,0
228,80,200,56,0
228,76,200,56,0
228,72,200,56,0
228,68,200,56,0
228,64,200,56,0
228,60,200,56,0
228,56,200,56,2
224,56,200,56,2
220,56,200,56,2
216,56,200,56,2
212,56,304,248,1
212,60,304,248,1
212,64,304,248,1
212,68,304,248,1
212,72,304,248,1
212,76,304,248,1
212,80,304,248,1
212,84,304,248,1
212,88,304,248,1
212,92,304,248,1
212,96,304,248,1
212,100,304,248,1
212,104,304,248,1
212,108,304,248,1
212,112,304,248,1
212,116,304,248,1
212,120,304,248,1
212,124,304,248,1
212,128,304,248,1
212,132,304,248,1
212,136,304,248,1
212,140,304,248,1
212,144,304,248,1
212,148,304,248,1
212,152,304,248,1
212,156,304,248,1
212,160,304,248,1
212,164,304,248,1
212,168,304,248,1
212,172,304,248,1
212,176,304,248,1
212,180,304,248,1
212,184,304,248,1
212,188,304,248,1
212,192,304,248,1
212,196,304,248,1
212,200,304,248,1
212,204,304,248,1
212,208,304,248,1
212,212,304,248,1
212,216,304,248,1
212,220,304,248,1
212,224,304,248,1
212,228,304,248,1
212,232,304,248,1
212,236,304,248,1
212,240,304,248,1
212,244,304,248,1
212,248,304,248,3
216,248,304,248,3
220,248,304,248,3
224,248,304,248,3
228,248,304,248,3
232,248,304,248,3
236,248,304,248,3
240,248,304,248,3
244,248,304,248,3
248,248,304,248,3
252,248,304,248,3
256,248,304,248,3
260,248,304,248,3
264,248,304,248,3
268,248,304,248,3
272,248,304,248,3
276,248,304,248,3
280,248,304,248,3
284,248,304,248,3
288,248,304,248,3
292,248,496,72,0
292,244,496,72,0
292,240,496,72,0
292,236,496,72,0
292,232,496,72,0
292,228,496,72,0
292,224,496,72,0
292,220,496,72,0
292,216,496,72,0
292,212,496,72,0
292,208,496,72,0
292,204,496,72,0
292,200,496,72,0
292,196,496,72,0
292,192,496,72,0
292,188,496,72,0
292,184,496,72,0
292,180,496,72,0
292,176,496,72,0
292,172,496,72,0
292,168,496,72,0
292,164,496,72,0
292,160,496,72,0
292,156,496,72,0
292,152,496,72,0
292,148,496,72,0
292,144,496,72,0
292,140,496,72,0
292,136,496,72,0
292,132,496,72,0
292,128,496,72,0
292,124,496,72,0
292,120,496,72,0
292,116,496,72,0
292,112,496,72,0
292,108,496,72,0
292,104,496,72,0
292,100,496,72,0
292,96,496,72,0
292,92,496,72,0
292,88,496,72,0
292,84,496,72,0
292,80,496,72,0
292,76,496,72,0
292,72,496,72,3
296,72,496,72,3
300,72,496,72,3
304,72,496,72,3
308,72,496,72,3
312,72,496,72,3
316,72,496,72,3
320,72,496,72,3
324,72,496,72,3
328,72,496,72,3
332,72,496,72,3
336,72,496,72,3
340,72,496,72,3
344,72,496,72,3
348,72,496,72,3
352,72,496,72,3
356,72,496,72,3
360,72,496,72,3
364,72,496,72,3
368,72,496,72,3
372,72,496,72,3
376,72,496,72,3
380,72,496,72,3
384,72,496,72,3
388,72,496,72,3
392,72,496,72,3
396,72,496,72,3
400,72,496,72,3
404,72,496,72,3
408,72,496,72,3
412,72,496,72,3
416,72,496,72,3
420,72,496,72,3
424,72,496,72,3
428,72,496,72,3
432,72,496,72,3
436,72,496,72,3
440,72,496,72,3
444,72,496,72,3
448,72,496,72,3
452,72,496,72,3
456,72,496,72,3
460,72,496,72,3
464,72,496,72,3
468,72,496,72,3
472,72,496,72,3
476,72,496,72,3
480,72,496,72,3
484,72,360,72,2
480,72,360,72,2
476,72,360,72,2
472,72,360,72,2
468,72,360,72,2
464,72,360,72,2
460,72,360,72,2
456,72,360,72,2
452,72,360,72,2
448,72,360,72,2
444,72,360,72,2
440,72,360,72,2
436,72,360,72,2
432,72,360,72,2
428,72,360,72,2
424,72,360,72,2
420,72,360,72,2
416,72,360,72,2
412,72,360,72,2
408,72,360,72,2
404,72,360,72,2
400,72,360,72,2
396,72,360,72,2
392,72,360,72,2
388,72,360,72,2
384,72,360,72,2
380,72,360,72,2
376,72,360,72,2
372,72,112,96,1
372,76,112,96,1
372,80,112,96,1
372,84,112,96,1
372,88,112,96,1
372,92,112,96,1
372,96,112,96,2
368,96,112,96,2
364,96,112,96,2
360,96,112,96,2
356,96,112,96,2
352,96,112,96,2
348,96,112,96,2
344,96,112,96,2
340,96,112,96,2
336,96,112,96,2
332,96,112,96,2
328,96,112,96,2
324,96,112,96,2
320,96,112,96,2
316,96,112,96,2
312,96,112,96,2
308,96,112,96,2
304,96,112,96,2
300,96,112,96,2
296,96,112,96,2
292,96,112,96,2
288,96,112,96,2
284,96,112,96,2
280,96,112,96,2
276,96,112,96,2
272,96,112,96,2
268,96,112,96,2
264,96,112,96,2
260,96,112,96,2
256,96,112,96,2
252,96,112,96,2
248,96,112,96,2
244,96,112,96,2
240,96,112,96,2
236,96,112,96,2
232,96,112,96,2
228,96,112,96,2
224,96,112,96,2
220,96,112,96,2
216,96,112,96,2
212,96,112,96,2
208,96,112,96,2
204,96,112,96,2
200,96,112,96,2
196,96,112,96,2
192,96,112,96,2
188,96,112,96,2
184,96,112,96,2
180,96,112,96,2
176,96,112,96,2
172,96,112,96,2
168,96,112,96,2
164,96,112,96,2
160,96,112,96,2
156,96,112,96,2
152,96,112,96,2
148,96,112,96,2
144,96,112,96,2
140,96,112,96,2
136,96,112,96,2
132,96,112,96,2
128,96,112,96,2
124,96,272,248,1
124,100,272,248,1
124,104,272,248,1
124,108,272,248,1
124,112,272,248,1
124,116,272,248,1
124,120,272,248,1
124,124,272,248,1
124,128,272,248,1
124,132,272,248,1
124,136,272,248,1
124,140,272,248,1
124,144,272,248,1
124,148,272,248,1
124,152,272,248,1
124,156,272,248,1
124,160,272,248,1
124,164,272,248,1
124,168,272,248,1
124,172,272,248,1
124,176,272,248,1
124,180,272,248,1
124,184,272,248,1
124,188,272,248,1
124,192,272,248,1
124,196,272,248,1
124,200,272,248,1
124,204,272,248,1
124,208,272,248,1
124,212,272,248,1
124,216,272,248,1
124,220,272,248,1
124,224,272,248,1
124,228,272,248,1
124,232,272,248,1
124,236,272,248,1
124,240,272,248,1
124,244,272,248,1
124,248,272,248,3
128,248,272,248,3
132,248,272,248,3
136,248,272,248,3
140,248,272,248,3
144,248,272,248,3
148,248,272,248,3
152,248,272,248,3
156,248,272,248,3
160,248,272,248,3
164,248,272,248,3
168,248,272,248,3
172,248,272,248,3
176,248,272,248,3
180,248,272,248,3
184,248,272,248,3
188,248,272,248,3
192,248,272,248,3
196,248,272,248,3
200,248,272,248,3
204,248,272,248,3
208,248,272,248,3
212,248,272,248,3
216,248,272,248,3
220,248,272,248,3
224,248,272,248,3
228,248,272,248,3
232,248,272,248,3
236,248,272,248,3
240,248,272,248,3
244,248,272,248,3
248,248,272,248,3
252,248,272,248,3
256,248,272,248,3
260,248,280,80,0
260,244,280,80,0
260,240,280,80,0
260,236,280,80,0
260,232,280,80,0
260,228,280,80,0
260,224,280,80,0
260,220,280,80,0
260,216,280,80,0
260,212,280,80,0
260,208,280,80,0
260,204,280,80,0
260,200,280,80,0
260,196,280,80,0
260,192,280,80,0
260,188,280,80,0
260,184,280,80,0
260,180,280,80,0
260,176,280,80,0
260,172,280,80,0
260,168,280,80,0
260,164,280,80,0
260,160,280,80,0
260,156,280,80,0
260,152,280,80,0
260,148,280,80,0
260,144,280,80,0
260,140,280,80,0
260,136,280,80,0
260,132,280,80,0
260,128,280,80,0
260,124,280,80,0
260,120,280,80,0
260,116,280,80,0
260,112,280,80,0
260,108,280,80,0
260,104,280,80,0
260,100,280,80,0
260,96,280,80,0
260,92,280,80,0
260,88,280,80,0
260,84,280,80,0
260,80,280,80,3
264,80,280,80,3
268,80,472,296,1
268,84,472,296,1
268,88,472,296,1
268,92,472,296,1
268,96,472,296,1
268,100,472,296,1
268,104,472,296,1
268,108,472,296,1
268,112,472,296,1
268,116,472,296,1
268,120,472,296,1
268,124,472,296,1
268,128,472,296,1
268,132,472,296,1
268,136,472,296,1
268,140,472,296,1
268,144,472,296,1
268,148,472,296,1
268,152,472,296,1
268,156,472,296,1
268,160,472,296,1
268,164,472,296,1
268,168,472,296,1
268,172,472,296,1
268,176,472,296,1
268,180,472,296,1
268,184,472,296,1
268,188,472,296,1
268,192,472,296,1
268,196,472,296,1
268,200,472,296,1
268,204,472,296,1
268,208,472,296,1
268,212,472,296,1
268,216,472,296,1
268,220,472,296,1
268,224,472,296,1
268,228,472,296,1
268,232,472,296,1
268,236,472,296,1
268,240,472,296,1
268,244,472,296,1
268,248,472,296,1
268,252,472,296,1
268,256,472,296,1
268,260,472,296,1
268,264,472,296,1
268,268,472,296,1
268,272,472,296,1
268,276,472,296,1
268,280,472,296,1
268,284,472,296,1
268,288,472,296,1
268,292,472,296,1
268,296,472,296,3
272,296,472,296,3
276,296,472,296,3
280,296,472,296,3
284,296,472,296,3
288,296,472,296,3
292,296,472,296,3
296,296,472,296,3
300,296,472,296,3
304,296,472,296,3
308,296,472,296,3
312,296,472,296,3
316,296,472,296,3
320,296,472,296,3
324,296,472,296,3
328,296,472,296,3
332,296,472,296,3
336,296,472,296,3
340,296,472,296,3
344,296,472,296,3
348,296,472,296,3
352,296,472,296,3
356,296,472,296,3
360,296,472,296,3
364,296,472,296,3
368,296,472,296,3
372,296,472,296,3
376,296,472,296,3
380,296,472,296,3
384,296,472,296,3
388,296,472,296,3
392,296,472,296,3
396,296,472,296,3
400,296,472,296,3
404,296,472,296,3
408,296,472,296,3
412,296,472,296,3
416,296,472,296,3
420,296,472,296,3
424,296,472,296,3
428,296,472,296,3
432,296,472,296,3
436,296,472,296,3
440,296,472,296,3
444,296,472,296,3
448,296,472,296,3
452,296,472,296,3
456,296,472,296,3
460,296,200,344,1
460,300,200,344,1
460,304,200,344,1
460,308,200,344,1
460,312,200,344,1
460,316,200,344,1
460,320,200,344,1
460,324,200,344,1
460,328,200,344,1
460,332,200,344,1
460,336,200,344,1
460,340,200,344,1
460,344,200,344,2
456,344,200,344,2
452,344,200,344,2
448,344,200,344,2
444,344,200,344,2
440,344,200,344,2
436,344,200,344,2
432,344,200,344,2
428,344,200,344,2
424,344,200,344,2
420,344,200,344,2
416,344,200,344,2
412,344,200,344,2
408,344,200,344,2
404,344,200,344,2
400,344,200,344,2
396,344,200,344,2
392,344,200,344,2
